accuracy,loss,val_accuracy,val_loss
0.9383088946342468,0.16219133138656616,0.9939655065536499,0.016102029010653496
0.9976272583007812,0.008782684803009033,0.9965517520904541,0.008278288878500462
0.9993528723716736,0.0033233542926609516,0.998275876045227,0.004666547756642103
0.9995685815811157,0.0015675853937864304,0.9974138140678406,0.00456022284924984
1.0,0.0007865167572163045,0.9991379380226135,0.002979374025017023
